time_step,time_hours,time_seconds,S,D,P,N,R,I
0,0,1,494,0,0,0,0,0
1,1,3600,454,2,4,19,0,15
2,2,7200,412,2,7,38,0,35
3,3,10800,373,1,15,54,0,51
4,4,14400,335,3,17,71,0,68
5,5,18000,304,3,23,82,0,82
6,6,21600,270,4,25,102,0,93
7,7,25200,240,6,31,114,0,103
8,8,28800,215,6,35,127,0,111
9,9,32400,201,6,38,132,0,117
10,10,36000,183,5,43,140,0,123
11,11,39600,165,5,48,147,0,129
12,12,43200,142,6,52,150,0,144
13,13,46800,126,7,52,141,21,147
14,14,50400,118,7,49,131,40,149
15,15,54000,110,8,41,119,65,151
16,16,57600,100,6,43,104,85,156
17,17,61200,87,7,38,97,101,164
18,18,64800,81,7,37,78,123,168
19,19,68400,74,4,32,67,144,173
20,20,72000,66,4,28,61,161,174
21,21,75600,57,7,26,58,170,176
22,22,79200,47,7,21,56,182,181
23,23,82800,43,8,18,49,193,183
24,24,86400,38,6,14,45,205,186
25,25,90000,33,7,10,42,216,186
26,26,93600,27,7,12,35,222,191
27,27,97200,23,6,11,37,226,191
28,28,100800,21,6,8,35,233,191
29,29,104400,18,6,9,31,238,192
30,30,108000,17,6,7,32,240,192
31,31,111600,16,6,7,30,243,192
32,32,115200,16,6,7,24,249,192
33,33,118800,11,4,8,22,256,193
34,34,122400,11,4,8,16,261,194
35,35,126000,9,3,9,14,264,195
36,36,129600,9,3,9,11,267,195
37,37,133200,8,1,9,9,271,196
38,38,136800,7,1,7,9,274,196
39,39,140400,7,1,7,6,277,196
40,40,144000,7,1,6,5,279,196
41,41,147600,7,1,5,4,281,196
42,42,151200,6,1,6,3,282,196
43,43,154800,5,1,5,4,283,196
44,44,158400,4,1,5,4,283,197
45,45,162000,3,0,4,3,287,197
46,46,165600,3,0,4,3,287,197
47,47,169200,3,0,3,3,288,197
48,48,172800,3,0,3,3,288,197
49,49,176400,2,0,3,2,290,197
50,50,180000,2,0,3,1,291,197
51,51,183600,2,0,3,1,291,197
52,52,187200,2,0,2,2,291,197
53,53,190800,1,0,2,2,291,198
54,54,194400,1,0,1,2,292,198
55,55,198000,1,0,1,1,293,198
56,56,201600,1,0,1,1,293,198
57,57,205200,1,0,1,1,293,198
58,58,208800,0,0,1,2,293,198
59,59,212400,0,0,1,2,293,198
60,60,216000,0,0,1,2,293,198
61,61,219600,0,0,0,2,294,198
62,62,223200,0,0,0,2,294,198
63,63,226800,0,0,0,2,294,198
64,64,230400,0,0,0,1,295,198
65,65,234000,0,0,0,1,295,198
66,66,237600,0,0,0,1,295,198
67,67,241200,0,0,0,1,295,198
68,68,244800,0,0,0,1,295,198
69,69,248400,0,0,0,1,295,198
70,70,252000,0,0,0,0,296,198
71,71,255600,0,0,0,0,296,198
72,72,259200,0,0,0,0,296,198
73,73,262800,0,0,0,0,296,198
74,74,266400,0,0,0,0,296,198
75,75,270000,0,0,0,0,296,198
76,76,273600,0,0,0,0,296,198
77,77,277200,0,0,0,0,296,198
78,78,280800,0,0,0,0,296,198
79,79,284400,0,0,0,0,296,198
80,80,288000,0,0,0,0,296,198
81,81,291600,0,0,0,0,296,198
82,82,295200,0,0,0,0,296,198
83,83,298800,0,0,0,0,296,198
84,84,302400,0,0,0,0,296,198
85,85,306000,0,0,0,0,296,198
86,86,309600,0,0,0,0,296,198
87,87,313200,0,0,0,0,296,198
88,88,316800,0,0,0,0,296,198
89,89,320400,0,0,0,0,296,198
90,90,324000,0,0,0,0,296,198
91,91,327600,0,0,0,0,296,198
92,92,331200,0,0,0,0,296,198
93,93,334800,0,0,0,0,296,198
94,94,338400,0,0,0,0,296,198
95,95,342000,0,0,0,0,296,198
96,96,345600,0,0,0,0,296,198
97,97,349200,0,0,0,0,296,198
98,98,352800,0,0,0,0,296,198
99,99,356400,0,0,0,0,296,198
100,100,360000,0,0,0,0,296,198
101,101,363600,0,0,0,0,296,198
102,102,367200,0,0,0,0,296,198
103,103,370800,0,0,0,0,296,198
104,104,374400,0,0,0,0,296,198
105,105,378000,0,0,0,0,296,198
106,106,381600,0,0,0,0,296,198
107,107,385200,0,0,0,0,296,198
108,108,388800,0,0,0,0,296,198
109,109,392400,0,0,0,0,296,198
110,110,396000,0,0,0,0,296,198
111,111,399600,0,0,0,0,296,198
112,112,403200,0,0,0,0,296,198
113,113,406800,0,0,0,0,296,198
114,114,410400,0,0,0,0,296,198
115,115,414000,0,0,0,0,296,198
116,116,417600,0,0,0,0,296,198
117,117,421200,0,0,0,0,296,198
118,118,424800,0,0,0,0,296,198
119,119,428400,0,0,0,0,296,198
120,120,432000,0,0,0,0,296,198
121,121,435600,0,0,0,0,296,198
122,122,439200,0,0,0,0,296,198
123,123,442800,0,0,0,0,296,198
124,124,446400,0,0,0,0,296,198
125,125,450000,0,0,0,0,296,198
126,126,453600,0,0,0,0,296,198
127,127,457200,0,0,0,0,296,198
128,128,460800,0,0,0,0,296,198
129,129,464400,0,0,0,0,296,198
130,130,468000,0,0,0,0,296,198
131,131,471600,0,0,0,0,296,198
132,132,475200,0,0,0,0,296,198
133,133,478800,0,0,0,0,296,198
134,134,482400,0,0,0,0,296,198
135,135,486000,0,0,0,0,296,198
136,136,489600,0,0,0,0,296,198
137,137,493200,0,0,0,0,296,198
138,138,496800,0,0,0,0,296,198
139,139,500400,0,0,0,0,296,198
140,140,504000,0,0,0,0,296,198
141,141,507600,0,0,0,0,296,198
142,142,511200,0,0,0,0,296,198
143,143,514800,0,0,0,0,296,198
144,144,518400,0,0,0,0,296,198
145,145,522000,0,0,0,0,296,198
146,146,525600,0,0,0,0,296,198
147,147,529200,0,0,0,0,296,198
148,148,532800,0,0,0,0,296,198
149,149,536400,0,0,0,0,296,198
150,150,540000,0,0,0,0,296,198
151,151,543600,0,0,0,0,296,198
152,152,547200,0,0,0,0,296,198
153,153,550800,0,0,0,0,296,198
154,154,554400,0,0,0,0,296,198
155,155,558000,0,0,0,0,296,198
156,156,561600,0,0,0,0,296,198
157,157,565200,0,0,0,0,296,198
158,158,568800,0,0,0,0,296,198
159,159,572400,0,0,0,0,296,198
160,160,576000,0,0,0,0,296,198
161,161,579600,0,0,0,0,296,198
162,162,583200,0,0,0,0,296,198
163,163,586800,0,0,0,0,296,198
164,164,590400,0,0,0,0,296,198
165,165,594000,0,0,0,0,296,198
166,166,597600,0,0,0,0,296,198
167,167,601200,0,0,0,0,296,198
168,168,604800,0,0,0,0,296,198
169,169,608400,0,0,0,0,296,198
170,170,612000,0,0,0,0,296,198
171,171,615600,0,0,0,0,296,198
172,172,619200,0,0,0,0,296,198
173,173,622800,0,0,0,0,296,198
174,174,626400,0,0,0,0,296,198
175,175,630000,0,0,0,0,296,198
176,176,633600,0,0,0,0,296,198
177,177,637200,0,0,0,0,296,198
178,178,640800,0,0,0,0,296,198
179,179,644400,0,0,0,0,296,198
180,180,648000,0,0,0,0,296,198
181,181,651600,0,0,0,0,296,198
182,182,655200,0,0,0,0,296,198
183,183,658800,0,0,0,0,296,198
184,184,662400,0,0,0,0,296,198
185,185,666000,0,0,0,0,296,198
186,186,669600,0,0,0,0,296,198
187,187,673200,0,0,0,0,296,198
188,188,676800,0,0,0,0,296,198
189,189,680400,0,0,0,0,296,198
190,190,684000,0,0,0,0,296,198
191,191,687600,0,0,0,0,296,198
192,192,691200,0,0,0,0,296,198
193,193,694800,0,0,0,0,296,198
194,194,698400,0,0,0,0,296,198
195,195,702000,0,0,0,0,296,198
196,196,705600,0,0,0,0,296,198
197,197,709200,0,0,0,0,296,198
198,198,712800,0,0,0,0,296,198
199,199,716400,0,0,0,0,296,198
200,200,720000,0,0,0,0,296,198
201,201,723600,0,0,0,0,296,198
202,202,727200,0,0,0,0,296,198
203,203,730800,0,0,0,0,296,198
204,204,734400,0,0,0,0,296,198
205,205,738000,0,0,0,0,296,198
206,206,741600,0,0,0,0,296,198
207,207,745200,0,0,0,0,296,198
208,208,748800,0,0,0,0,296,198
209,209,752400,0,0,0,0,296,198
210,210,756000,0,0,0,0,296,198
211,211,759600,0,0,0,0,296,198
212,212,763200,0,0,0,0,296,198
213,213,766800,0,0,0,0,296,198
214,214,770400,0,0,0,0,296,198
215,215,774000,0,0,0,0,296,198
216,216,777600,0,0,0,0,296,198
217,217,781200,0,0,0,0,296,198
218,218,784800,0,0,0,0,296,198
219,219,788400,0,0,0,0,296,198
220,220,792000,0,0,0,0,296,198
221,221,795600,0,0,0,0,296,198
222,222,799200,0,0,0,0,296,198
223,223,802800,0,0,0,0,296,198
224,224,806400,0,0,0,0,296,198
225,225,810000,0,0,0,0,296,198
226,226,813600,0,0,0,0,296,198
227,227,817200,0,0,0,0,296,198
228,228,820800,0,0,0,0,296,198
229,229,824400,0,0,0,0,296,198
230,230,828000,0,0,0,0,296,198
231,231,831600,0,0,0,0,296,198
232,232,835200,0,0,0,0,296,198
233,233,838800,0,0,0,0,296,198
234,234,842400,0,0,0,0,296,198
235,235,846000,0,0,0,0,296,198
236,236,849600,0,0,0,0,296,198
237,237,853200,0,0,0,0,296,198
238,238,856800,0,0,0,0,296,198
239,239,860400,0,0,0,0,296,198
240,240,864000,0,0,0,0,296,198
241,241,867600,0,0,0,0,296,198
242,242,871200,0,0,0,0,296,198
243,243,874800,0,0,0,0,296,198
244,244,878400,0,0,0,0,296,198
245,245,882000,0,0,0,0,296,198
246,246,885600,0,0,0,0,296,198
247,247,889200,0,0,0,0,296,198
248,248,892800,0,0,0,0,296,198
249,249,896400,0,0,0,0,296,198
250,250,900000,0,0,0,0,296,198
251,251,903600,0,0,0,0,296,198
252,252,907200,0,0,0,0,296,198
253,253,910800,0,0,0,0,296,198
254,254,914400,0,0,0,0,296,198
255,255,918000,0,0,0,0,296,198
256,256,921600,0,0,0,0,296,198
257,257,925200,0,0,0,0,296,198
258,258,928800,0,0,0,0,296,198
259,259,932400,0,0,0,0,296,198
260,260,936000,0,0,0,0,296,198
261,261,939600,0,0,0,0,296,198
262,262,943200,0,0,0,0,296,198
263,263,946800,0,0,0,0,296,198
264,264,950400,0,0,0,0,296,198
265,265,954000,0,0,0,0,296,198
266,266,957600,0,0,0,0,296,198
267,267,961200,0,0,0,0,296,198
268,268,964800,0,0,0,0,296,198
269,269,968400,0,0,0,0,296,198
270,270,972000,0,0,0,0,296,198
271,271,975600,0,0,0,0,296,198
272,272,979200,0,0,0,0,296,198
273,273,982800,0,0,0,0,296,198
274,274,986400,0,0,0,0,296,198
275,275,990000,0,0,0,0,296,198
276,276,993600,0,0,0,0,296,198
277,277,997200,0,0,0,0,296,198
278,278,1000800,0,0,0,0,296,198
279,279,1004400,0,0,0,0,296,198
280,280,1008000,0,0,0,0,296,198
281,281,1011600,0,0,0,0,296,198
282,282,1015200,0,0,0,0,296,198
283,283,1018800,0,0,0,0,296,198
284,284,1022400,0,0,0,0,296,198
285,285,1026000,0,0,0,0,296,198
286,286,1029600,0,0,0,0,296,198
287,287,1033200,0,0,0,0,296,198
288,288,1036800,0,0,0,0,296,198
289,289,1040400,0,0,0,0,296,198
290,290,1044000,0,0,0,0,296,198
291,291,1047600,0,0,0,0,296,198
292,292,1051200,0,0,0,0,296,198
293,293,1054800,0,0,0,0,296,198
294,294,1058400,0,0,0,0,296,198
295,295,1062000,0,0,0,0,296,198
296,296,1065600,0,0,0,0,296,198
297,297,1069200,0,0,0,0,296,198
298,298,1072800,0,0,0,0,296,198
299,299,1076400,0,0,0,0,296,198
300,300,1080000,0,0,0,0,296,198
301,301,1083600,0,0,0,0,296,198
302,302,1087200,0,0,0,0,296,198
303,303,1090800,0,0,0,0,296,198
304,304,1094400,0,0,0,0,296,198
305,305,1098000,0,0,0,0,296,198
306,306,1101600,0,0,0,0,296,198
307,307,1105200,0,0,0,0,296,198
308,308,1108800,0,0,0,0,296,198
309,309,1112400,0,0,0,0,296,198
310,310,1116000,0,0,0,0,296,198
311,311,1119600,0,0,0,0,296,198
312,312,1123200,0,0,0,0,296,198
313,313,1126800,0,0,0,0,296,198
314,314,1130400,0,0,0,0,296,198
315,315,1134000,0,0,0,0,296,198
316,316,1137600,0,0,0,0,296,198
317,317,1141200,0,0,0,0,296,198
318,318,1144800,0,0,0,0,296,198
319,319,1148400,0,0,0,0,296,198
320,320,1152000,0,0,0,0,296,198
321,321,1155600,0,0,0,0,296,198
322,322,1159200,0,0,0,0,296,198
323,323,1162800,0,0,0,0,296,198
324,324,1166400,0,0,0,0,296,198
325,325,1170000,0,0,0,0,296,198
326,326,1173600,0,0,0,0,296,198
327,327,1177200,0,0,0,0,296,198
328,328,1180800,0,0,0,0,296,198
329,329,1184400,0,0,0,0,296,198
330,330,1188000,0,0,0,0,296,198
331,331,1191600,0,0,0,0,296,198
332,332,1195200,0,0,0,0,296,198
333,333,1198800,0,0,0,0,296,198
334,334,1202400,0,0,0,0,296,198
335,335,1206000,0,0,0,0,296,198
336,336,1209600,0,0,0,0,296,198
337,337,1213200,0,0,0,0,296,198
338,338,1216800,0,0,0,0,296,198
339,339,1220400,0,0,0,0,296,198
340,340,1224000,0,0,0,0,296,198
341,341,1227600,0,0,0,0,296,198
342,342,1231200,0,0,0,0,296,198
343,343,1234800,0,0,0,0,296,198
344,344,1238400,0,0,0,0,296,198
345,345,1242000,0,0,0,0,296,198
346,346,1245600,0,0,0,0,296,198
347,347,1249200,0,0,0,0,296,198
348,348,1252800,0,0,0,0,296,198
349,349,1256400,0,0,0,0,296,198
350,350,1260000,0,0,0,0,296,198
351,351,1263600,0,0,0,0,296,198
352,352,1267200,0,0,0,0,296,198
353,353,1270800,0,0,0,0,296,198
354,354,1274400,0,0,0,0,296,198
355,355,1278000,0,0,0,0,296,198
356,356,1281600,0,0,0,0,296,198
357,357,1285200,0,0,0,0,296,198
358,358,1288800,0,0,0,0,296,198
359,359,1292400,0,0,0,0,296,198
360,360,1296000,0,0,0,0,296,198
